PVC,Doors,Doors,doors,,,
Carpenter,Windows,Windows,wooden,wooden windows,,
Carpenter,Wooden gate,Wooden gate,wooden;doors,,,
Carpenter,Trestle,Trestle,trestle,,,
Carpenter,Souvenirs,Souvenirs,souvernirs,,,
Carpenter,Candelabrum,Candelabrum,candlestick,,,
Plumber,Toilets,Toilets,bidets,,,
Plumber,Tube,Tube,tube,,,
Plumber,Fittings,Fittings,fittings,fitting,,
Plumber,Spills,Spills,spills,,,
Plumber,Bathtubs,Bathtubs,bathtubs,,,
Plumber,Baths,Baths,baths,,,
Plumber,Sewerage,Sewerage,drainage,Sewerage,,
Plumber,Plumbing,Plumbing,plumbing,,,
Plumber,Sinks,Sinks,drains,,,
Plumber,Unclogging,Unclogging,unclogging,,,
Plumber,Pipe,Pipe,faucets,,,
Plumber,Urinals,Urinals,urinals,,,
Plumber,Pump,Pump,pumps,,,
Plumber,Siphons,Siphons,siphons,,,
Plumber,Taps,Taps,taps,,,
Plumber,Drain,Drain,drains,,,
Plumber,Sinks,Sinks,sinks,,,
Plumber,Shower tub,Shower tub,shower;cubicle,shower stalls,shower,shower cabin
Plumber,Tubs,Tubs,tubs,,,
Plumber,Valves,Valves,valves,,,
Plumber,Cisterns,Cisterns,tanks,,,
Plumber,Toilet,Toilet,bowl,shells,,
Plumber,Flushing,Flushing,flushing,,,
Plumber,Cleaning,Cleaning,cleaning,,,
Plumber,Rupture fixing,Rupture fixing,ruptured;piping,,,
Plumber,Shower,Shower,showers,,,
Plumber,Drainage tubing,Drainage tubing,drainage;pipes,,,
Plumber,Manholes,Manholes,manholes,,,
Plumber,Drains,Drains,drains,,,
Plumber,Basins,Basins,basins,,,
Electrician,Strong current,Strong current,current,,,
Electrician,Electricity,Electricity,low,,,
Electrician,Plugs,Plugs,plugs,socket,,
Electrician,Cable; cables,Cable; cables,cables,,,
Electrician,Switches,Switches,switches,,,
Electrician,Lighting,Lighting,lighting,lighting fixtures,,
Electrician,Electrical boxes,Electrical boxes,electrical,,,
Electrician,Spending,Spending,power;consumption; budget,budget,electricity,
Electrician,Junction boxes,Junction boxes,junction; boxes,,,
Electrician,Wires,Wires,wires,,,
Electrician,Voltage measurement,Voltage measurement,voltage,,,
Electrician,Correctness,Correctness,correctness,installation review,,
Electrician,Phones,Phones,phones,,,
Electrician,Network,Network,network,,,
Electrician,Sound system,Sound system,sound,,,
Electrician,Alarms,Alarms,alarms,,,
Electrician,Lightning Rods,Lightning Rods,lightning;conductor,,,
Electrician,Attestation,Attestation,attestation,,,
Electrician,Cabling,Cabling,cabling,,,
Electrician,Lighting,Lighting,lightning,,,
Electrician,Intercom,Intercom,intercom,,,
Electrician,Fire protection systems,Fire protection systems,fire;systems,,,
Electrician,Underground,Underground,underground;cables,conduit,,
Electrician,Industrial installations,Industrial installations,industrial,industrial installations,,
Chimney sweeper,Chimneys,Chimneys,sweeping,chimney,,
Chimney sweeper,Recording,Recording,chimney;interior;screening,chimney,,
Chimney sweeper,Ventilation,Ventilation,vents,,,
Chimney sweeper,Boilers,Boilers,boiler,,,
Chimney sweeper,Firebox,Firebox,firebox,Furnaces,,
Chimney sweeper,Collectors,Collectors,collectors,,,
Chimney sweeper,Tubing,Tubing,tubing,,,
Chimney sweeper,Pollution control,Pollution control,pollution;environment,pollution,,
Hygiene services,Pest control,Pest control,pest;control,,,
Hygiene services,Ambient scenting,Ambient scenting,ambient;scenting,,,
Hygiene services,Plant protection,Plant protection,ornamental,ornamental plant produciton,plants,protection
Hygiene services,Protection of forest areas,Protection of forest areas,forest,forest are protection,,
Hygiene services,Water surfaces protection,Water surfaces protection,water;surfaces;protection,protection of water surfaces,,
Hygiene services,Inland area protection,Inland area protection,inland;area;protection,protection of inland areas,,
Hygiene services,Rodent suppression,Rodent suppression,rodent;suppression,rodents,rodent,
Hygiene services,Bird protection,Bird protection,protection,,,
Hygiene services,Snakes,Snakes,protection,,,
Hygiene services,Fumigation,Fumigation,fumigation,,,
Locksmith,High security lock,High security lock,secure;lock,,,
Locksmith,Classic locks,Classic locks,classic;lock,brave Classic,classic,
Locksmith,Car locks,Car locks,car lock,,,
Locksmith,Decoding locks,Decoding locks,decode,,,
Locksmith,Lockout services,Lockout services,lockout,,,
Locksmith,Safe deposit boxes,Safe deposit boxes,safes,,,
Locksmith,Cash registers,Cash registers,cash,,,
Locksmith,Coding,Coding,coding,,,
Locksmith,Cylinders,Cylinders,cylinders,,,
Locksmith,Keys,Keys,key,,,
Locksmith,Cuffs,Cuffs,cuffs,,,
Locksmith,Hydraulic locks,Hydraulic locks,hydraulic;locks,,,
Locksmith,Mailbox,Mailbox,mailbox,,,
Locksmith,Gate rails,Gate rails,rail,,,
Locksmith,Door handles,Door handles,handle,,,
Locksmith,Locks,Locks,lock,,,
Plasterer,Suspended ceilings,Suspended ceilings,ceilings,,,
Plasterer,Walls,Walls,partition;walls,,,
Plasterer,Attic,Attic,adaptation;attic,adaptation,,
Plasterer,Adaptation of business and residential space,Adaptation of business and residential space,business,housing,adaptation,adaptation and business
Plasterer,Restoration,Restoration,restoration,,,
Plasterer,Arches,Arches,arches,,,
Plasterer,Pillars,Pillars,pilasters,,,
Plasterer,Cascades,Cascades,cascades,,,
Plasterer,Plaster walls,Plaster walls,plaster walls,,,
Heating installer,Radiators,Radiators,radiators,,,
Heating installer,Central heating,Central heating,central,,,
Heating installer,Gas heating,Gas heating,gas,,,
Heating installer,Heating,Heating,electrical,electric heating,,
Heating installer,Pump,Pump,pumps,,,
Heating installer,Pipes,Pipes,tubes,,,
Heating installer,Underfloor heating,Underfloor heating,underfloor,floor,,
Heating installer,Solar heating,Solar heating,heating,,,
Heating installer,Wall,Wall,wall;mounted;heater,,,
Heating installer,Convector,Convector,coils,,,
Heating installer,Water heaters,Water heaters,water;heaters,,,
Heating installer,Burners,Burners,burner,,,
Heating installer,Ceiling heating,Ceiling heating,fittings,for,,
Heating installer,Heaters,Heaters,heater,,,
Air conditioning and refrigeration,Air conditioners,Air conditioners,air;conditioning,,,
Air conditioning and refrigeration,Ventilation,Ventilation,ventillation,,,
Air conditioning and refrigeration,Compressors,Compressors,compressors,,,
Air conditioning and refrigeration,Water spray,Water spray,water;spray,,,
Air conditioning and refrigeration,Condensing units,Condensing units,condensing;units,,,
Air conditioning and refrigeration,Control components,Control components,control;components,,,
Air conditioning and refrigeration,Line components,Line components,line;components,,,
Air conditioning and refrigeration,Electronic Controls,Electronic Controls,electronic;controls,,,
Air conditioning and refrigeration,Industrial Refrigeration,Industrial Refrigeration,industrial;refrigeration,,,
Air conditioning and refrigeration,Indirect cooling,Indirect cooling,indirect;cooling,,,
Gas installer,Connection to gas network,Connection to gas network,Connection; gas;network,,,
Gas installer,Cookers,Cookers,cookers,,,
Gas installer,Boilers,Boilers,water;heaters,,,
Gas installer,Ovens,Ovens,ovens,,,
Gas installer,Gas meter,Gas meter,gas; meter,,,
Gas installer,Gas valve,Gas valve,gas; valve,,,
Gas installer,Gas cabinets,Gas cabinets,gas; cabinets,,,
Gas installer,Gas filter,Gas filter,gas; filter,,,
Gas installer,Gas cylinders,Gas cylinders,gas; cylinders,,,
Gas installer,Pressure regulators,Pressure regulators,pressure; regulators,,,
Glazier,Sand blasting,Sand blasting,blasting,,,
Glazier,Bending,Bending,bending,,,
Glazier,Frames,Frames,frame,,,
Glazier,Glass,Glass,glass,,,
Glazier,Insulated glass,Insulated glass,insulated,glass,,
Glazier,Tempered,Tempered,tempered,glass,,
Glazier,Mirrors,Mirrors,mirror,,,
Glazier,Fusion,Fusion,fusion,,,
Glazier,Drilling,Drilling,drilling,,,
Glazier,Sanding,Sanding,Grinding,,,
Glazier,Cutting,Cutting,Cutting,,,
Glazier,Aquarium,Aquarium,aquarium,,,
Glazier,Showcase,Showcase,showcase,,,
Glazier,Balcony,Balcony,balcony,,,
Blinds and shades,Roller blinds,Roller blinds,roller blinds,,,
Blinds and shades,Curtains,Curtains,Curtains,,,
Blinds and shades,Mosquito nets,Mosquito nets,mosquito nets,,,
Blinds and shades,Vertical,Vertical,vertical,,,
Blinds and shades,Awning,Awning,awning,,,
Blinds and shades,Venetian,Venetian,Venetian,,,
Blinds and shades,Doors,Doors,door,,,
Blinds and shutters,Doors,Doors,blinds,,,
Blinds and shutters,Blinds,Blinds,blinds,,,